variable,relative_importance,scaled_importance,percentage
flavor,148.54833984375,1.0,0.7781250871095805
style,42.35713577270508,0.28514041838002546,0.22187491289041952
