variable,relative_importance,scaled_importance,percentage
flavor,102.48837280273438,1.0,0.7374434813656215
style,36.48956298828125,0.3560361238100144,0.26255651863437846
