variable,relative_importance,scaled_importance,percentage
style,675.4285888671875,1.0,0.45799261499654337
abv,450.75653076171875,0.6673637127467712,0.30564765195469573
flavor,268.4517517089844,0.3974539368539688,0.18203096788042017
perception,80.12181854248047,0.11862367075231275,0.0543287651683407
