variable,relative_importance,scaled_importance,percentage
style,310.0965881347656,1.0,0.40125626789846197
abv,210.52996826171875,0.6789173964410857,0.27241986070729063
flavor,166.3359832763672,0.5364005591834465,0.21523408647659784
perception,85.85177612304688,0.27685495232129526,0.11108978491764958
