variable,relative_importance,scaled_importance,percentage
abv,82.67535400390625,1.0,0.6382875502267414
style,42.503822326660156,0.5141051143809064,0.32814689401722746
flavor,4.347639560699463,0.052586887750054816,0.033565555756031124
