variable,relative_importance,scaled_importance,percentage
abv,259.6258239746094,1.0,0.4625586284711121
style,239.58518981933594,0.9228095501114968,0.426853519839618
flavor,43.08204650878906,0.1659389880761721,0.0767565107343984
pasteurization,18.988922119140625,0.07313957382374137,0.03383134095487146
