variable,relative_importance,scaled_importance,percentage
style,581.6912841796875,1.0,0.4546218240315956
abv,508.3228759765625,0.8738705388948872,0.39728061835986705
pasteurization,95.9391860961914,0.16493144852855537,0.07498143597022507
flavor,93.55250549316406,0.16082844635551596,0.0731161216383123
