variable,relative_importance,scaled_importance,percentage
flavor,978.4666748046875,1.0,0.8013147778094681
style,242.60986328125,0.24794903038437927,0.19868522219053192
