variable,relative_importance,scaled_importance,percentage
flavor,1429.9774169921875,1.0,0.7644154778346756
style,440.7034606933594,0.30818910526596593,0.2355845221653245
