variable,relative_importance,scaled_importance,percentage
style,5855.24755859375,1.0,0.4879488892072626
abv,3740.721923828125,0.6388665699262989,0.3117342331471915
flavor,1590.8277587890625,0.27169265566819695,0.13257212953906797
perception,812.9176635742188,0.13883574613016986,0.06774474810647789
