variable,relative_importance,scaled_importance,percentage
style,2476.13232421875,1.0,0.3944181976404812
abv,2077.918212890625,0.8391789859397896,0.3309874631321385
flavor,1368.17578125,0.5525455032705799,0.21793400151433473
perception,355.7099914550781,0.1436554856038677,0.05666033771304559
