variable,relative_importance,scaled_importance,percentage
abv,737.083740234375,1.0,0.728621393552415
style,224.80056762695312,0.30498646945525065,0.22221966638911575
flavor,49.729881286621094,0.06746842803886595,0.04915894005846933
