variable,relative_importance,scaled_importance,percentage
abv,2234.005615234375,1.0,0.5007296309512586
style,1814.3013916015625,0.8121292888564292,0.4066571990937878
flavor,309.01226806640625,0.13832206416991796,0.06926195614421932
pasteurization,104.18145751953125,0.04663437585343818,0.02335121381073438
