variable,relative_importance,scaled_importance,percentage
style,4820.41015625,1.0,0.5124293905197429
abv,3604.9140625,0.7478438443305444,0.38321716535424233
flavor,567.80029296875,0.11779086728388809,0.0603595023310747
pasteurization,413.8498840332031,0.0858536661027937,0.04399394179494009
